,env_id,episodes,is_success,collision,timeout,out_of_bounds,step,success_rate,out_of_bounds_rate,timeout_rate,collision_rate,cumulated_rewards,sim_time,cpu_time_steps,cpu_time_full,inference_time,action_cpu_time_ur5_1,planner_time_ur5_1,position_ee_link_ur5_1,velocity_ee_link_ur5_1,rotation_ee_link_ur5_1,position_rotation_sensor_cpu_time_ur5_1,joints_angles_ur5_1,joints_velocities_ur5_1,joints_sensor_cpu_time_ur5_1,reward_ur5_1,distance_ur5_1,distance_threshold_ur5_1
0,0,0,False,False,False,False,1,0.0,0.0,0.0,0.0,0.0,0.00416666666,0.11949996399999918,36.185590408,0.6892382840000053,0.0004778939999994236,0.29973721504211426,[ 0.07430124 -0.10569973  0.54505372],[0. 0. 0.],[ 0.69889283  0.71519673  0.00602811 -0.00247895],1.1682510375976562e-05,[-3.11691524 -0.81023144 -1.57911803 -2.34788125  1.58436104],"[-6.44616326e-06 -3.79468220e-05  0.00000000e+00 -1.96033458e-04
 -9.31973202e-08]",8.175000004939648e-06,-0.35303048414501187,3.368033460907835,0.05
1,0,0,False,False,False,False,2,0.0,0.0,0.0,0.0,0.0,0.00833333332,0.9156848840000009,36.981775328000005,1.3823876089999985,0.007389491999994391,0.2925553321838379,[ 0.09006681 -0.10142739  0.54078996],[0. 0. 0.],[ 0.69004613  0.72358549  0.00173827 -0.01604431],1.4543533325195312e-05,[-3.09223774 -0.83505122 -1.58743969 -2.33952482  1.59801595],"[-7.22977880e-06 -3.73153863e-05  0.00000000e+00 -1.93725735e-04
 -1.48350757e-06]",7.304000000374344e-06,-0.35256146671714694,3.3641716349675415,0.05
2,0,0,False,False,False,False,3,0.0,0.0,0.0,0.0,0.0,0.01249999998,1.834523310999998,37.900613755,2.2321902520000023,4.612199999343147e-05,0.2961134910583496,[ 0.10547129 -0.09645712  0.53614944],[0. 0. 0.],[ 0.68108624  0.73160315 -0.00288467 -0.02949611],1.1682510375976562e-05,[-3.06756024 -0.85987099 -1.59576136 -2.33116834  1.61167085],"[-8.05622660e-06 -3.67139249e-05  0.00000000e+00 -1.91583576e-04
 -2.72918251e-06]",7.295999999712421e-06,-0.3520957025013159,3.3603109226979218,0.05
3,0,0,False,False,False,False,4,0.0,0.0,0.0,0.0,0.0,0.01666666664,2.5519321839999947,38.618022628,2.8759052309999973,4.398200000110819e-05,0.2638814449310303,[ 0.12048002 -0.0908103   0.53113955],[0. 0. 0.],[ 0.67202461  0.7392481  -0.00783812 -0.04282322],2.3365020751953125e-05,[-3.04288274 -0.88469075 -1.60408302 -2.32281183  1.62532574],"[-8.93288927e-06 -3.61495106e-05 -2.77555756e-17 -1.89672310e-04
 -3.82790356e-06]",7.461999999236468e-06,-0.3516348027774617,3.3564674368740106,0.05
4,0,0,False,False,False,False,5,0.0,0.0,0.0,0.0,0.0,0.0208333333,3.220647065999998,39.28673751,3.4824257249999917,4.72659999957159e-05,0.25571417808532715,[ 0.13505962 -0.08451003  0.5257678 ],[0. 0. 0.],[ 0.66287178  0.74651945 -0.01311909 -0.05601451],2.2172927856445312e-05,[-3.01820525 -0.90951051 -1.61240468 -2.31445528  1.63898064],"[-9.86789931e-06 -3.56268715e-05  0.00000000e+00 -1.88047607e-04
 -4.77757938e-06]",7.399000004681966e-06,-0.3511804401407301,3.3526579034126494,0.05
5,0,0,False,False,False,False,6,0.0,0.0,0.0,0.0,0.0,0.024999999959999998,4.0025234109999985,40.068613855,4.207890075999991,4.8884999998222156e-05,0.2884223461151123,[ 0.14917815 -0.07758109  0.52004224],[0. 0. 0.],[ 0.65363908  0.75341648 -0.0187243  -0.06905899],8.106231689453125e-06,[-2.99352775 -0.93433025 -1.62072634 -2.3060987   1.65263553],"[-1.08690313e-05 -3.51481866e-05  2.77555756e-17 -1.86752510e-04
 -5.57617440e-06]",6.8889999980115135e-06,-0.3507343474945822,3.3488996513069424,0.05
6,0,0,False,False,False,False,7,0.0,0.0,0.0,0.0,0.0,0.029166666619999997,4.785892844999999,40.851983289,4.8785382969999915,4.6192999995753325e-05,0.26152491569519043,[ 0.16280508 -0.07004987  0.51397109],[0. 0. 0.],[ 0.64433753  0.75993842 -0.02465008 -0.08194577],7.62939453125e-06,[-2.96885027 -0.95914999 -1.629048   -2.29774208  1.66629042],"[-1.19420388e-05 -3.47128742e-05  0.00000000e+00 -1.85813942e-04
 -6.22207455e-06]",7.445999997912622e-06,-0.3502982801946944,3.3452102340695085,0.05
7,0,0,False,False,False,False,8,0.0,0.0,0.0,0.0,0.0,0.033333333279999995,5.566843911999996,41.632934356,5.589328849999987,4.16029999996681e-05,0.26310205459594727,[ 0.1759115  -0.06194422  0.5075627 ],[0. 0. 0.],[ 0.63497806  0.76608574 -0.03089245 -0.09466394],8.344650268554688e-06,[-2.94417278 -0.98396972 -1.63736966 -2.28938542  1.67994531],"[-1.30885198e-05 -3.43174039e-05  0.00000000e+00 -1.85239004e-04
 -6.71509961e-06]",7.0860000036532256e-06,-0.3498740361221647,3.341607630469973,0.05
8,0,0,False,False,False,False,9,0.0,0.0,0.0,0.0,0.0,0.037499999939999994,6.159929944999995,42.226020389,6.124694359999985,4.001300000311403e-05,0.22306084632873535,[ 0.18847007 -0.0532934   0.50082588],[0. 0. 0.],[ 0.62557161  0.77185845 -0.03744705 -0.10720284],2.3126602172851562e-05,[-2.9194953  -1.00878944 -1.64569132 -2.28102872  1.6936002 ],"[-1.43035792e-05 -3.39551727e-05  0.00000000e+00 -1.85011603e-04
 -7.05812039e-06]",7.147999994572274e-06,-0.3494634483592949,3.3381101712995562,0.05
9,0,0,False,False,False,False,10,0.0,0.0,0.0,0.0,0.0,0.04166666659999999,6.747715109999994,42.813805554,6.65286613899999,4.30710000003387e-05,0.218672513961792,[ 0.20045517 -0.044128    0.4937695 ],[0. 0. 0.],[ 0.61612916  0.77725732 -0.04430925 -0.11955183],2.47955322265625e-05,[-2.89481781 -1.03360916 -1.65401299 -2.27267199  1.70725508],"[-1.55737390e-05 -3.36165073e-05  0.00000000e+00 -1.85090141e-04
 -7.25902526e-06]",7.229000004826958e-06,-0.34906835676366665,3.334736255119905,0.05
10,0,0,False,False,False,False,11,0.0,0.0,0.0,0.0,0.0,0.04583333325999999,7.332501381999997,43.398591826,7.162942846999989,3.881900000379801e-05,0.21047520637512207,[ 0.21184292 -0.0344798   0.48640275],[0. 0. 0.],[ 0.60666162  0.78228319 -0.05147404 -0.13170043],5.0067901611328125e-06,[-2.87014034 -1.05842886 -1.66233465 -2.26431523  1.72090997],"[-1.68756609e-05 -3.32888629e-05  0.00000000e+00 -1.85407026e-04
 -7.33256356e-06]",0.004009213000003342,-0.34869062763502356,3.331504544940952,0.05
11,0,0,False,False,False,False,12,0.0,0.0,0.0,0.0,0.0,0.04999999991999999,7.989392611999996,44.055483056,7.743792469999988,3.962800000323341e-05,0.21731352806091309,[ 0.22261126 -0.02438172  0.478735  ],[0. 0. 0.],[ 0.59717983  0.78693765 -0.05893609 -0.14363834],2.4557113647460938e-05,[-2.84546286 -1.08324856 -1.67065631 -2.25595842  1.73456487],"[-1.81762040e-05 -3.29572816e-05  0.00000000e+00 -1.85870619e-04
 -7.30147008e-06]",7.496000002049641e-06,-0.3483321252394764,3.32843368347231,0.05
12,0,0,False,False,False,False,13,0.0,0.0,0.0,0.0,0.0,0.05416666657999999,8.793818451,44.859908895000004,8.439286774999992,4.0814999998417534e-05,0.2058548927307129,[ 0.23222315 -0.01443084  0.47120184],[0. 0. 0.],[ 0.58819354  0.79100585 -0.06627449 -0.15474433],2.574920654296875e-05,[-2.8220842  -1.10676195 -1.67853999 -2.24804145  1.74750108],"[-1.93697136e-05 -3.26244695e-05 -2.77555756e-17 -1.86344684e-04
 -7.20313204e-06]",7.459000002540961e-06,-0.34799717800735774,3.3255423286793717,0.05
13,0,0,False,False,False,False,14,0.0,0.0,0.0,0.0,0.0,0.058333333239999986,9.355282972999994,45.421373417,8.924563758999994,4.624999999691681e-05,0.19371509552001953,[ 0.24124537 -0.00413619  0.46341544],[0. 0. 0.],[ 0.57921302  0.7947439  -0.07386951 -0.1656435 ],9.775161743164062e-06,[-2.79870554 -1.13027534 -1.68642367 -2.24012444  1.7604373 ],"[-2.04858375e-05 -3.22585383e-05  0.00000000e+00 -1.86746162e-04
 -7.06945716e-06]",7.351000000710428e-06,-0.34769850919252915,3.3229855599499287,0.05
14,0,0,False,False,False,False,15,0.0,0.0,0.0,0.0,0.0,0.062499999899999985,9.884845691999999,45.950936136,9.375146605999994,4.432200000081821e-05,0.17903494834899902,[0.24966389 0.00647199 0.45538425],[0. 0. 0.],[ 0.57024735  0.79815364 -0.08171588 -0.17632747],1.7642974853515625e-05,[-2.77532688 -1.15378872 -1.69430735 -2.23220738  1.77337351],"[-2.14848298e-05 -3.18452419e-05  2.77555756e-17 -1.86967237e-04
 -6.93424538e-06]",7.001000000173008e-06,-0.3474219991819751,3.3206221813309904,0.05
15,0,0,False,False,False,False,16,0.0,0.0,0.0,0.0,0.0,0.06666666655999999,10.394206693999998,46.460297138,9.809973095999993,4.2643999996982984e-05,0.17644095420837402,[0.25746626 0.01736291 0.44711685],[0. 0. 0.],[ 0.5613054   0.80123729 -0.08980798 -0.18678796],1.0728836059570312e-05,[-2.75194822 -1.17730208 -1.70219103 -2.22429027  1.78630973],"[-2.23299746e-05 -3.13717547e-05  0.00000000e+00 -1.86904250e-04
 -6.83088567e-06]",7.667000005540103e-06,-0.3471691931913723,3.31846764520495,0.05
16,0,0,False,False,False,False,17,0.0,0.0,0.0,0.0,0.0,0.07083333321999999,10.995538343,47.061628787000004,10.349471275999989,3.775800000482832e-05,0.20353031158447266,[0.26464167 0.02850529 0.438622  ],[0. 0. 0.],[ 0.55239582  0.80399734 -0.09814001 -0.19701688],1.811981201171875e-05,[-2.72856956 -1.20081544 -1.71007471 -2.21637311  1.79924596],"[-2.29908754e-05 -3.08275968e-05  0.00000000e+00 -1.86464568e-04
 -6.78916967e-06]",7.6050000004102e-06,-0.34694160966268867,3.3165371362639715,0.05
17,0,0,False,False,False,False,18,0.0,0.0,0.0,0.0,0.0,0.07499999987999999,11.554699958,47.620790402000004,10.822464923999988,3.825800000356594e-05,0.18898701667785645,[0.27118093 0.03986748 0.42990848],[0. 0. 0.],[ 0.54352742  0.80643672 -0.10670588 -0.20700631],1.7881393432617188e-05,[-2.70519089 -1.22432878 -1.71795839 -2.20845589  1.81218218],"[-2.34459216e-05 -3.02053788e-05  2.77555756e-17 -1.85572258e-04
 -6.83252634e-06]",7.257999996568287e-06,-0.34674073074495715,3.3148454763140465,0.05
18,0,0,False,False,False,False,19,0.0,0.0,0.0,0.0,0.0,0.07916666653999999,12.196997441999997,48.263087886,11.396989893999994,3.950699999677454e-05,0.18248867988586426,[0.27707645 0.05141748 0.42098528],[0. 0. 0.],[ 0.5347088   0.80855829 -0.1154993  -0.21674843],1.8358230590820312e-05,[-2.68181221 -1.24784211 -1.72584206 -2.2005386   1.82511841],"[-2.36836230e-05 -2.95012747e-05  0.00000000e+00 -1.84171989e-04
 -6.97612602e-06]",7.4200000028668e-06,-0.3465680080509752,3.3134071818371003,0.05
19,0,0,False,False,False,False,20,0.0,0.0,0.0,0.0,0.0,0.08333333319999998,12.612437080999996,48.678527525,11.756944988999997,4.456100000282959e-05,0.14331769943237305,[0.28232235 0.06312311 0.41186145],[0. 0. 0.],[ 0.52594829  0.8103655  -0.12451373 -0.22623567],9.298324584960938e-06,[-2.65843353 -1.27135543 -1.73372574 -2.19262125  1.83805463],"[-2.37027506e-05 -2.87151755e-05  0.00000000e+00 -1.82230897e-04
 -7.22608406e-06]",7.701000001247849e-06,-0.3464248447336054,3.312236284749131,0.05
20,0,0,False,False,False,False,21,0.0,0.0,0.0,0.0,0.0,0.08749999985999998,13.021141030999999,49.087231475,12.103193732999998,4.4496999997534203e-05,0.13920974731445312,[0.28691438 0.07495201 0.40254617],[0. 0. 0.],[ 0.51725423  0.81186157 -0.13374238 -0.23546056],1.4781951904296875e-05,[-2.63505484 -1.29486874 -1.74160942 -2.18470381  1.85099086],"[-2.35114390e-05 -2.78505258e-05  0.00000000e+00 -1.79738483e-04
 -7.57975313e-06]",6.945999999175001e-06,-0.34631259451630836,3.3113463227021955,0.05
21,0,0,False,False,False,False,22,0.0,0.0,0.0,0.0,0.0,0.09166666651999998,13.418741845,49.484832289,12.422284703999999,3.9022999999360763e-05,0.12459135055541992,[0.29084992 0.08687181 0.39304861],[0. 0. 0.],[ 0.50863504  0.81305057 -0.14317833 -0.24441591],1.0967254638671875e-05,[-2.61167613 -1.31838202 -1.7494931  -2.17678628  1.86392709],"[-2.31255477e-05 -2.69138903e-05  0.00000000e+00 -1.76704835e-04
 -8.02689894e-06]",7.166999999697055e-06,-0.34623255350486704,3.310750257201559,0.05
22,0,0,False,False,False,False,23,0.0,0.0,0.0,0.0,0.0,0.09583333317999998,13.812553138999995,49.878643583,12.747201712999995,4.1439000000309534e-05,0.12842774391174316,[0.29382977 0.09765057 0.38435271],[0. 0. 0.],[ 0.50094825  0.81386125 -0.15184195 -0.25223944],2.002716064453125e-05,[-2.5906353  -1.33954398 -1.75658841 -2.1696605   1.8755697 ],"[-2.26296070e-05 -2.60168174e-05  0.00000000e+00 -1.73534370e-04
 -8.49605515e-06]",7.551999999577674e-06,-0.34618759941543636,3.310460516023052,0.05
23,0,0,False,False,False,False,24,0.0,0.0,0.0,0.0,0.0,0.09999999983999998,14.621797330999996,50.687887775,13.111974027999999,4.217699999742308e-05,0.14643049240112305,[0.30062428 0.16201329 0.32962176],[0. 0. 0.],[ 0.45654365  0.81375563 -0.20691051 -0.29420686],1.1682510375976562e-05,[-2.56959445 -1.36070592 -1.76368373 -2.16253462  1.8872123 ],"[-2.20117279e-05 -2.50766111e-05  0.00000000e+00 -1.69977772e-04
 -9.01349612e-06]",6.620999997153376e-06,-0.3461749855478348,3.31047134001157,0.05
24,0,0,False,False,False,False,25,0.0,0.0,0.0,0.0,0.0,0.10416666649999998,14.918510989999994,50.984601434,13.344795601999998,3.994700000475859e-05,0.08226418495178223,[0.29857773 0.12185774 0.36439148],[0. 0. 0.],[ 0.4839862   0.81480747 -0.17181489 -0.26893491],1.049041748046875e-05,[-2.54348205 -1.38696849 -1.77248923 -2.15369083  1.90166115],"[-2.11046052e-05 -2.38627358e-05  0.00000000e+00 -1.65082853e-04
 -9.69896269e-06]",7.30299999673889e-06,-0.34672937160719053,3.316359671011602,0.05
25,0,0,False,False,False,False,26,0.0,0.0,0.0,0.0,0.0,0.10833333315999998,15.445449562,51.511540006000004,13.752927443999994,4.3324000003508445e-05,0.1122124195098877,[0.29980531 0.13225904 0.35560414],[0. 0. 0.],[ 0.47681025  0.81484652 -0.18064842 -0.27575949],2.288818359375e-05,[-2.52316568 -1.40740173 -1.77934023 -2.14681013  1.91290287],"[-2.03136366e-05 -2.28923696e-05  1.38777878e-17 -1.60953390e-04
 -1.02470840e-05]",7.0319999991852455e-06,-0.346252863068785,3.311471553207191,0.05
26,0,0,False,False,False,False,27,0.0,0.0,0.0,0.0,0.0,0.11249999981999997,15.873633917999996,51.939724362,14.108651366999993,4.039600000282917e-05,0.1111764907836914,[0.3005448  0.14261331 0.3467133 ],[0. 0. 0.],[ 0.46971893  0.81466961 -0.18961096 -0.28235647],5.4836273193359375e-06,[-2.50284928 -1.42783495 -1.78619122 -2.13992929  1.9241446 ],"[-1.94667269e-05 -2.19079953e-05  0.00000000e+00 -1.56586682e-04
 -1.07928544e-05]",7.699000001082368e-06,-0.34633294318015034,3.31233427403465,0.05
27,0,0,False,False,False,False,28,0.0,0.0,0.0,0.0,0.0,0.11666666647999997,16.219067687,52.285158131,14.379281061999997,3.963600000389533e-05,0.08804106712341309,[0.30080047 0.15290013 0.33772522],[0. 0. 0.],[ 0.462717    0.81428015 -0.19869725 -0.28872189],1.4066696166992188e-05,[-2.48253287 -1.44826814 -1.79304222 -2.13304831  1.93538633],"[-1.85797012e-05 -2.09171781e-05  1.38777878e-17 -1.52023149e-04
 -1.13234481e-05]",7.279000001858549e-06,-0.3464419962635575,3.313465436089438,0.05
28,0,0,False,False,False,False,29,0.0,0.0,0.0,0.0,0.0,0.12083333313999997,16.774302550999998,52.840392995,14.865755643999996,3.4155999998120024e-05,0.09428286552429199,[0.30066013 0.16106747 0.33046895],[0. 0. 0.],[ 0.45718288  0.81381774 -0.20605168 -0.29364488],1.1682510375976562e-05,[-2.46627973 -1.4646147  -1.79852302 -2.1275435   1.94437971],"[-1.78509263e-05 -2.01246347e-05  0.00000000e+00 -1.48257306e-04
 -1.17292932e-05]",7.310000000870787e-06,-0.346580762347228,3.3148702695031953,0.05
29,0,0,False,False,False,False,30,0.0,0.0,0.0,0.0,0.0,0.12499999979999997,18.048611344,54.114701788000005,16.082665317,3.963700000042536e-05,0.08643722534179688,[0.30021662 0.16916859 0.32315773],[0. 0. 0.],[ 0.45171133  0.81322324 -0.21347895 -0.2984153 ],1.4543533325195312e-05,[-2.45002658 -1.48096123 -1.80400382 -2.12203853  1.95337311],"[-1.71123706e-05 -1.93357978e-05  0.00000000e+00 -1.44410564e-04
 -1.21130384e-05]",7.363000001703313e-06,-0.34671281736736326,3.3161943713172586,0.05
30,0,1,False,False,False,False,1,0.0,0.0,0.0,0.0,0.0,0.12916666645999997,0.06905082399998719,172.23447534299999,16.93584819700002,4.6634000000267406e-05,0.3043539524078369,[ 0.07426221 -0.10568664  0.54507613],[0. 0. 0.],[ 0.69886714  0.71522123  0.00609506 -0.00248918],1.5735626220703125e-05,[-3.11691663 -0.81017355 -1.57906106 -2.3479152   1.58446939],"[-6.44604362e-06 -3.79580214e-05 -2.77555756e-17 -1.96083461e-04
 -1.10739898e-07]",7.436000004190646e-06,-0.35302939054776683,3.368020116678962,0.05
31,0,1,False,False,False,False,2,0.0,0.0,0.0,0.0,0.0,0.13333333311999998,0.8395111589999829,173.00493567799998,17.642694314000018,4.393099999333572e-05,0.2972099781036377,[ 0.09002952 -0.10141526  0.54081279],[0. 0. 0.],[ 0.69002104  0.72360897  0.00180484 -0.01605656],2.6941299438476562e-05,[-3.09224052 -0.83499503 -1.58738535 -2.33955695  1.59812476],"[-7.22974698e-06 -3.73260178e-05  0.00000000e+00 -1.93773879e-04
 -1.50137769e-06]",7.132999996883882e-06,-0.3525603382993315,3.3641578279070035,0.05
32,0,1,False,False,False,False,3,0.0,0.0,0.0,0.0,0.0,0.13749999978,1.6162291589999995,173.781653678,18.320151811000024,0.004056135999974231,0.28702878952026367,[ 0.10543574 -0.09644589  0.53617263],[0. 0. 0.],[ 0.68106186  0.73162556 -0.0028185  -0.02951037],1.8358230590820312e-05,[-3.06756442 -0.85981651 -1.59570965 -2.33119865  1.61178012],"[-8.05626304e-06 -3.67239697e-05  0.00000000e+00 -1.91629674e-04
 -2.74732550e-06]",7.952999993676713e-06,-0.3520945472355721,3.360296730448677,0.05
33,0,1,False,False,False,False,4,0.0,0.0,0.0,0.0,0.0,0.14166666644,2.5299440590000017,174.695368578,19.152710914000018,4.294699999718432e-05,0.29921412467956543,[ 0.1204462  -0.09079991  0.53116286],[0. 0. 0.],[ 0.67200071  0.7392695  -0.00777237 -0.04283946],2.2411346435546875e-05,[-3.04288832 -0.88463798 -1.60403394 -2.32284033  1.62543548],"[-8.93297192e-06 -3.61589597e-05  2.77555756e-17 -1.89716234e-04
 -3.84627139e-06]",7.518000018080784e-06,-0.35163362241359813,3.356452874850703,0.05
34,0,1,False,False,False,False,5,0.0,0.0,0.0,0.0,0.0,0.14583333310000002,3.3421803740000087,175.507604893,19.891478376000016,4.7238999997034625e-05,0.29877448081970215,[ 0.13502754 -0.08450042  0.52579123],[0. 0. 0.],[ 0.66284871  0.74653977 -0.0130538  -0.05603276],9.298324584960938e-06,[-3.01821222 -0.90945945 -1.61235823 -2.31448196  1.63909084],"[-9.86800573e-06 -3.56357248e-05  0.00000000e+00 -1.88089283e-04
 -4.79613119e-06]",8.084999990387587e-06,-0.3511792509037682,3.3526431317820595,0.05
35,0,1,False,False,False,False,6,0.0,0.0,0.0,0.0,0.0,0.14999999976000003,4.032461721000004,176.19788624,20.510208057000007,4.024599999752354e-05,0.26064014434814453,[ 0.14914779 -0.07757223  0.52006567],[0. 0. 0.],[ 0.65361661  0.75343561 -0.01865948 -0.06907922],9.775161743164062e-06,[-2.99353612 -0.9342809  -1.62068253 -2.30612356  1.65274619],"[-1.08691415e-05 -3.51564508e-05  0.00000000e+00 -1.86791918e-04
 -5.59487561e-06]",7.014000004801346e-06,-0.3507331479027183,3.348884653167596,0.05
36,0,1,False,False,False,False,7,0.0,0.0,0.0,0.0,0.0,0.15416666642000004,4.775669225999991,176.941093745,21.193012593,4.5507999999472304e-05,0.26797056198120117,[ 0.16277644 -0.0700417   0.51399434],[0. 0. 0.],[ 0.64431578  0.75995666 -0.02458575 -0.08196795],1.2636184692382812e-05,[-2.96886003 -0.95910235 -1.62900682 -2.29776512  1.66640154],"[-1.19421382e-05 -3.47205623e-05 -2.77555756e-17 -1.85851114e-04
 -6.24089440e-06]",7.797999984404669e-06,-0.3502970781997949,3.345195086856615,0.05
37,0,1,False,False,False,False,8,0.0,0.0,0.0,0.0,0.0,0.15833333308000005,5.4861830110000085,177.65160753,21.824386509,3.810399999792935e-05,0.24862265586853027,[ 0.17588454 -0.06193669  0.50758576],[0. 0. 0.],[ 0.63495696  0.76610273 -0.03082863 -0.0946881 ],1.71661376953125e-05,[-2.94418393 -0.98392379 -1.63733111 -2.28940665  1.6800569 ],"[-1.30886026e-05 -3.43245334e-05  0.00000000e+00 -1.85274016e-04
 -6.73400745e-06]",7.28300000218951e-06,-0.34987284340023833,3.3415924488601356,0.05
38,0,1,False,False,False,False,9,0.0,0.0,0.0,0.0,0.0,0.16249999974000007,6.3626830970000015,178.528107616,22.643563355999994,3.68180000123175e-05,0.2573370933532715,[ 0.18844479 -0.05328647  0.50084859],[0. 0. 0.],[ 0.62555134  0.77187431 -0.03738379 -0.10722892],2.1457672119140625e-05,[-2.91950784 -1.00874522 -1.64565541 -2.28104814  1.69371225],"[-1.43036501e-05 -3.39617644e-05  0.00000000e+00 -1.85044572e-04
 -7.07708146e-06]",6.719000026578215e-06,-0.34946226483437015,3.3380949524495356,0.05
39,0,1,False,False,False,False,10,0.0,0.0,0.0,0.0,0.0,0.16666666640000008,6.998298595999984,179.16372311499998,23.220864843999983,4.155700000296747e-05,0.23679375648498535,[ 0.20043153 -0.04412162  0.49379182],[0. 0. 0.],[ 0.61610961  0.77727199 -0.04424654 -0.11957981],1.049041748046875e-05,[-2.89483176 -1.03356664 -1.6539797  -2.27268959  1.7073676 ],"[-1.55738138e-05 -3.36225839e-05 -2.77555756e-17 -1.85121216e-04
 -7.27799672e-06]",7.455999991634599e-06,-0.34906719449325535,3.334721117521242,0.05
40,0,1,False,False,False,False,11,0.0,0.0,0.0,0.0,0.0,0.1708333330600001,7.586745465000007,179.752169984,23.752534874999988,4.1071999987707386e-05,0.22293972969055176,[ 0.21182087 -0.03447394  0.48642457],[0. 0. 0.],[ 0.60664308  0.78229678 -0.05141192 -0.13173038],1.1920928955078125e-05,[-2.87015567 -1.05838806 -1.662304   -2.264331    1.72102295],"[-1.68757646e-05 -3.32944479e-05  0.00000000e+00 -1.85436370e-04
 -7.35149198e-06]",7.59099998504098e-06,-0.3486894894605728,3.331489514924479,0.05
41,0,1,False,False,False,False,12,0.0,0.0,0.0,0.0,0.0,0.1749999997200001,8.170116613999994,180.335541133,24.263998069999964,4.1494000015518395e-05,0.21096396446228027,[ 0.22259077 -0.02437633  0.47875622],[0. 0. 0.],[ 0.59716207  0.78694999 -0.05887456 -0.14367016],1.0967254638671875e-05,[-2.84547959 -1.08320946 -1.67062829 -2.25597238  1.73467831],"[-1.81763670e-05 -3.29623976e-05  0.00000000e+00 -1.85898399e-04
 -7.32029104e-06]",7.444000004852569e-06,-0.3483310197417191,3.3284188447616514,0.05
42,0,1,False,False,False,False,13,0.0,0.0,0.0,0.0,0.0,0.17916666638000012,8.821228332999993,180.986652852,24.848870120999955,3.930299999410636e-05,0.2364044189453125,[ 0.23220411 -0.01442587  0.47122243],[0. 0. 0.],[ 0.58817649  0.791017   -0.06621353 -0.15477788],2.956390380859375e-05,[-2.82210225 -1.10672448 -1.67851446 -2.24805369  1.74761496],"[-1.93699605e-05 -3.26291604e-05  2.77555756e-17 -1.86371126e-04
 -7.22178360e-06]",7.264000004170157e-06,-0.34799611149513726,3.325527749570194,0.05
43,0,1,False,False,False,False,14,0.0,0.0,0.0,0.0,0.0,0.18333333304000013,9.37032635899999,181.535750878,25.32375120399997,4.179600000497885e-05,0.19434309005737305,[ 0.24122773 -0.00413161  0.46343532],[0. 0. 0.],[ 0.57919693  0.79475385 -0.07380919 -0.16567883],2.1457672119140625e-05,[-2.79872492 -1.13023948 -1.68640063 -2.24013495  1.76055161],"[-2.04861902e-05 -3.22628199e-05  0.00000000e+00 -1.86771382e-04
 -7.08786906e-06]",7.207000010112097e-06,-0.34769748528397726,3.3229712747533178,0.05
44,0,1,False,False,False,False,15,0.0,0.0,0.0,0.0,0.0,0.18749999970000014,10.188760992999988,182.354185512,26.063379085999976,4.078499998172447e-05,0.2410871982574463,[0.24964762 0.0064762  0.45540333],[0. 0. 0.],[ 0.57023215  0.79816234 -0.08165619 -0.17636456],9.775161743164062e-06,[-2.77534758 -1.15375448 -1.69428681 -2.23221617  1.77348827],"[-2.14853008e-05 -3.18491270e-05  2.77555756e-17 -1.86991318e-04
 -6.95234701e-06]",7.410999984358568e-06,-0.3474210253765391,3.320608263171139,0.05
45,0,1,False,False,False,False,16,0.0,0.0,0.0,0.0,0.0,0.19166666636000015,10.725454751000001,182.89087927,26.51305778699996,4.425500000593274e-05,0.17931723594665527,[0.25745133 0.01736678 0.44713509],[0. 0. 0.],[ 0.56129098  0.80124485 -0.08974893 -0.18682675],1.7642974853515625e-05,[-2.75197024 -1.17726946 -1.70217298 -2.22429735  1.78642493],"[-2.23305641e-05 -3.13752527e-05  0.00000000e+00 -1.86927237e-04
 -6.84860992e-06]",7.217999979047818e-06,-0.3471682769655736,3.3184541669767484,0.05
46,0,1,False,False,False,False,17,0.0,0.0,0.0,0.0,0.0,0.19583333302000017,11.279978591000003,183.44540311,27.008932690999963,4.8344000020961175e-05,0.18564653396606445,[0.26462802 0.02850883 0.43863931],[0. 0. 0.],[ 0.55238235  0.80400383 -0.0980816  -0.19705738],7.62939453125e-06,[-2.7285929  -1.20078444 -1.71005915 -2.21637846  1.79936159],"[-2.29915708e-05 -3.08307138e-05 -2.77555756e-17 -1.86486470e-04
 -6.80645600e-06]",7.060000001501976e-06,-0.346940754004698,3.3165241259787726,0.05
47,0,1,False,False,False,False,18,0.0,0.0,0.0,0.0,0.0,0.19999999968000018,11.76335916299999,183.928783682,27.438861833999944,3.860600000393788e-05,0.17688822746276855,[0.2711685  0.03987071 0.42992485],[0. 0. 0.],[ 0.54351485  0.80644196 -0.10664815 -0.20704846],1.9788742065429688e-05,[-2.70521555 -1.2242994  -1.71794533 -2.20845952  1.81229825],"[-2.34466985e-05 -3.02081187e-05  0.00000000e+00 -1.85593048e-04
 -6.84932250e-06]",7.277999998223095e-06,-0.3467399441231944,3.3148330167856788,0.05
48,0,1,False,False,False,False,19,0.0,0.0,0.0,0.0,0.0,0.2041666663400002,12.470611859999991,184.636036379,28.085395232999964,4.0878999982396635e-05,0.19001173973083496,[0.27706519 0.05142042 0.42100063],[0. 0. 0.],[ 0.53469723  0.80856234 -0.11544226 -0.21679227],2.47955322265625e-05,[-2.68183819 -1.24781435 -1.7258315  -2.20054051  1.82523492],"[-2.36844478e-05 -2.95036399e-05  0.00000000e+00 -1.84191609e-04
 -6.99238833e-06]",7.229999994251557e-06,-0.34656729450124846,3.313395311553262,0.05
49,0,1,False,False,False,False,20,0.0,0.0,0.0,0.0,0.0,0.2083333330000002,12.922759753000008,185.088184272,28.474022356999946,4.3034000015040874e-05,0.1519303321838379,[0.28231221 0.06312575 0.41187572],[0. 0. 0.],[ 0.5259378   0.8103683  -0.12445742 -0.22628114],1.71661376953125e-05,[-2.65846083 -1.27132929 -1.73371767 -2.19262144  1.83817158],"[-2.37035842e-05 -2.87171679e-05  0.00000000e+00 -1.82249271e-04
 -7.24177667e-06]",7.460000006176415e-06,-0.3464242106677957,3.3122250659582484,0.05
50,0,1,False,False,False,False,21,0.0,0.0,0.0,0.0,0.0,0.21249999966000022,13.329644753999986,185.49506927299998,28.818610518999954,4.056299999888324e-05,0.12908005714416504,[0.28690532 0.07495437 0.40255931],[0. 0. 0.],[ 0.51724482  0.81186318 -0.13368681 -0.23550765],1.9550323486328125e-05,[-2.63508346 -1.29484421 -1.74160385 -2.18470228  1.85110825],"[-2.35122407e-05 -2.78521483e-05  0.00000000e+00 -1.79755523e-04
 -7.59484652e-06]",7.333000013431956e-06,-0.34631204600185794,3.3113358142083045,0.05
51,0,1,False,False,False,False,22,0.0,0.0,0.0,0.0,0.0,0.21666666632000023,13.735358569999988,185.900783089,29.16639497699996,4.2532999998456944e-05,0.13425254821777344,[0.29084191 0.08687387 0.39306059],[0. 0. 0.],[ 0.50862664  0.81305093 -0.14312351 -0.24446456],2.09808349609375e-05,[-2.61170607 -1.31835912 -1.74949002 -2.17678303  1.86404492],"[-2.31262789e-05 -2.69151477e-05  0.00000000e+00 -1.76720453e-04
 -8.04136829e-06]",7.5300000048628135e-06,-0.3462320976690632,3.310740528407143,0.05
52,0,1,False,False,False,False,23,0.0,0.0,0.0,0.0,0.0,0.22083333298000024,14.110983000000004,186.276407519,29.484826035999966,4.480900000203292e-05,0.12140536308288574,[0.29382265 0.09765238 0.38436362],[0. 0. 0.],[ 0.5009408   0.81386042 -0.15178779 -0.25228947],1.6927719116210938e-05,[-2.59066643 -1.33952253 -1.75658757 -2.1696557   1.87568792],"[-2.26302452e-05 -2.60177523e-05  0.00000000e+00 -1.73548639e-04
 -8.50994435e-06]",7.36300000880874e-06,-0.34618723886885255,3.3104516061432943,0.05
53,0,1,False,False,False,False,24,0.0,0.0,0.0,0.0,0.0,0.22499999964000025,14.597972964000007,186.763397483,29.89969870599996,3.8291999999273685e-05,0.1422441005706787,[0.30079022 0.15143834 0.33901826],[0. 0. 0.],[ 0.46372566  0.81433237 -0.19734843 -0.28788009],1.6927719116210938e-05,[-2.56962677 -1.36068593 -1.76368513 -2.16252827  1.88733092],"[-2.20122503e-05 -2.50772316e-05 -1.38777878e-17 -1.69990635e-04
 -9.02678937e-06]",7.353000000875909e-06,-0.3461747156114577,3.3104632007413333,0.05
54,0,1,False,False,False,False,25,0.0,0.0,0.0,0.0,0.0,0.22916666630000027,14.976930221000003,187.14235474,30.212048281999962,3.909699998416727e-05,0.10682821273803711,[0.29857236 0.12185851 0.36440024],[0. 0. 0.],[ 0.48399895  0.81479353 -0.17176779 -0.26898393],1.4781951904296875e-05,[-2.54351671 -1.38694943 -1.77249312 -2.15368283  1.90177978],"[-2.11049923e-05 -2.38630227e-05 -1.38777878e-17 -1.65094080e-04
 -9.71148374e-06]",7.304999996904371e-06,-0.3465594044976745,3.3146490567280598,0.05
55,0,1,False,False,False,False,26,0.0,0.0,0.0,0.0,0.0,0.23333333296000028,15.307047429999983,187.47247194899998,30.483023943999946,3.775999999788837e-05,0.09708619117736816,[0.29980069 0.13225961 0.35561174],[0. 0. 0.],[ 0.47682399  0.81483173 -0.18060218 -0.27580968],2.1457672119140625e-05,[-2.52320136 -1.4073842  -1.77934633 -2.14680059  1.91302195],"[-2.03138790e-05 -2.28923733e-05  0.00000000e+00 -1.60963171e-04
 -1.02590029e-05]",7.285999998885018e-06,-0.3462528103665245,3.3114652806357068,0.05
56,0,1,False,False,False,False,27,0.0,0.0,0.0,0.0,0.0,0.2374999996200003,15.707170757,187.872595276,30.793164995999952,4.0799999993623715e-05,0.12015151977539062,[0.30054086 0.14261365 0.34671968],[0. 0. 0.],[ 0.46973366  0.81465393 -0.18956566 -0.28240779],1.811981201171875e-05,[-2.50288599 -1.42781895 -1.78619954 -2.13991822  1.92426413],"[-1.94668182e-05 -2.19077298e-05 -1.38777878e-17 -1.56595004e-04
 -1.08041605e-05]",9.137000006376184e-06,-0.3463329902061027,3.312328864118366,0.05
57,0,1,False,False,False,False,28,0.0,0.0,0.0,0.0,0.0,0.2416666662800003,16.479443597,188.644868116,31.49100951799995,3.687200000968005e-05,0.11938238143920898,[0.30079722 0.15290023 0.33773038],[0. 0. 0.],[ 0.4627327   0.81426346 -0.19865282 -0.28877425],4.291534423828125e-06,[-2.4825706  -1.44825368 -1.79305274 -2.1330357   1.93550631],"[-1.85796396e-05 -2.09166593e-05  0.00000000e+00 -1.52030014e-04
 -1.13341323e-05]",8.007999980463865e-06,-0.3464421510427866,3.313460967406926,0.05
58,0,1,False,False,False,False,29,0.0,0.0,0.0,0.0,0.0,0.24583333294000032,17.029514815,189.194939334,31.970358720999947,3.559399999630841e-05,0.09418702125549316,[0.30065742 0.16106737 0.33047315],[ 0.28461456 -3.87017728  3.52226973],[ 0.45719934  0.81380028 -0.20600799 -0.29369807],1.1682510375976562e-05,[-2.46631829 -1.46460146 -1.79853531 -2.12752967  1.94450005],"[-1.78507437e-05 -2.01239255e-05 -1.38777878e-17 -1.48263016e-04
 -1.17394741e-05]",7.411000012780278e-06,-0.34658102364781374,3.314866755791254,0.05
59,0,1,False,False,False,False,30,0.0,0.0,0.0,0.0,0.0,0.24999999960000033,18.201760578999995,190.367185098,33.05523125199995,3.707800001961914e-05,0.08987116813659668,[0.30021435 0.16916828 0.32316092],[0. 0. 0.],[ 0.45172861  0.813205   -0.21343595 -0.29846933],1.1205673217773438e-05,[-2.45006595 -1.48094921 -1.80401788 -2.12202346  1.9534938 ],"[-1.71120703e-05 -1.93349097e-05  0.00000000e+00 -1.44415136e-04
 -1.21227121e-05]",7.147999980361419e-06,-0.3467131658769665,3.3161916183822044,0.05
60,0,2,False,False,False,False,1,0.0,0.0,0.0,0.0,0.0,0.25416666626000034,0.0685966759999701,328.513291264,80.77814936199991,5.100399999946603e-05,0.05184650421142578,[ 0.07519166 -0.10545644  0.54483694],[0. 0. 0.],[ 0.69837308  0.71570247  0.0058499  -0.0032922 ],1.1205673217773438e-05,[-3.11548152 -0.81162789 -1.57954474 -2.34744072  1.58527261],"[-6.49091891e-06 -3.79207233e-05  0.00000000e+00 -1.95944037e-04
 -1.96734595e-07]",7.1279999929174664e-06,-0.3519027210049865,3.3680194193907993,0.05
61,0,2,False,False,False,False,2,0.0,0.0,0.0,0.0,0.0,0.2583333329200003,1.0834091190000095,329.528103707,81.67029581199989,5.829000002677276e-05,0.31723475456237793,[ 0.09090757 -0.10115343  0.54056054],[0. 0. 0.],[ 0.68953782  0.72405255  0.00154833 -0.01682483],2.5987625122070312e-05,[-3.09085421 -0.83639923 -1.58785215 -2.33909875  1.59889826],"[-7.27533281e-06 -3.72915277e-05  0.00000000e+00 -1.93647045e-04
 -1.57601992e-06]",8.009999987734773e-06,-0.35253334997633207,3.3639326612381697,0.05
62,0,2,False,False,False,False,3,0.0,0.0,0.0,0.0,0.0,0.2624999995800003,1.8566567319999763,330.30135132,82.3717686409999,4.671600004257925e-05,0.2937479019165039,[ 0.10626189 -0.09615637  0.53590912],[0. 0. 0.],[ 0.68059069  0.73203284 -0.00308488 -0.03024371],9.775161743164062e-06,[-3.0662269  -0.86117056 -1.59615957 -2.33075675  1.61252392],"[-8.10277149e-06 -3.66926225e-05  0.00000000e+00 -1.91518632e-04
 -2.81106554e-06]",6.956999982321577e-06,-0.3520687148457343,3.360079943978577,0.05
63,0,2,False,False,False,False,4,0.0,0.0,0.0,0.0,0.0,0.2666666662400003,2.5994394100000022,331.044133998,83.05799950999989,4.476300000533229e-05,0.2861196994781494,[ 0.12122021 -0.09048659  0.53089011],[0. 0. 0.],[ 0.67154253  0.73964208 -0.00804711 -0.04353774],1.8358230590820312e-05,[-3.04159959 -0.88594188 -1.60446698 -2.32241471  1.62614957],"[-8.98063216e-06 -3.61309234e-05 -2.77555756e-17 -1.89623328e-04
 -3.89959655e-06]",7.433999996919738e-06,-0.3516090272588455,3.3562454083695137,0.05
64,0,2,False,False,False,False,5,0.0,0.0,0.0,0.0,0.0,0.2708333329000003,3.4397446890000083,331.884439277,83.83501210599991,4.57520000054501e-05,0.3190124034881592,[ 0.13574944 -0.08416717  0.52551103],[0. 0. 0.],[ 0.66240424  0.74687904 -0.01333539 -0.0566959 ],1.8596649169921875e-05,[-3.01697229 -0.9107132  -1.6127744  -2.31407264  1.63977521],"[-9.91701224e-06 -3.56110088e-05  0.00000000e+00 -1.88015929e-04
 -4.83954319e-06]",7.295999978396139e-06,-0.35115594597447614,3.3524456419641524,0.05
65,0,2,False,False,False,False,6,0.0,0.0,0.0,0.0,0.0,0.27499999956000026,4.412707780000005,332.857402368,84.73128722199988,4.5700999976361345e-05,0.31102895736694336,[ 0.14981787 -0.07722283  0.51977986],[0. 0. 0.],[ 0.65318698  0.75374311 -0.01894642 -0.06970728],1.7881393432617188e-05,[-2.99234499 -0.9354845  -1.62108181 -2.30573052  1.65340086],"[-1.09195844e-05 -3.51349155e-05 -2.77555756e-17 -1.86738539e-04
 -5.62889390e-06]",7.737000032648211e-06,-0.3507111948979865,3.3486978837744985,0.05
66,0,2,False,False,False,False,7,0.0,0.0,0.0,0.0,0.0,0.27916666622000025,5.133067127999993,333.577761716,85.39130762699989,4.150099999833401e-05,0.27205514907836914,[ 0.16339527 -0.06967985  0.51370472],[0. 0. 0.],[ 0.64390159  0.76023388 -0.02487656 -0.082561  ],9.5367431640625e-06,[-2.96771769 -0.9602558  -1.62938923 -2.29738837  1.6670265 ],"[-1.19939228e-05 -3.47019308e-05  0.00000000e+00 -1.85817084e-04
 -6.26608709e-06]",7.0959999902697746e-06,-0.3502765230648846,3.345019624111644,0.05
67,0,2,False,False,False,False,8,0.0,0.0,0.0,0.0,0.0,0.28333333288000023,5.798011676999977,334.242706265,85.99675207899986,4.2132999965360796e-05,0.2535982131958008,[ 0.17645292 -0.06156598  0.50729406],[0. 0. 0.],[ 0.63455909  0.76635128 -0.03112182 -0.0952463 ],1.5497207641601562e-05,[-2.9430904  -0.98502709 -1.63769664 -2.28904619  1.68065214],"[-1.31413719e-05 -3.43084073e-05  0.00000000e+00 -1.85257644e-04
 -6.75104439e-06]",7.832000051166688e-06,-0.3498537235505345,3.3414287936883027,0.05
68,0,2,False,False,False,False,9,0.0,0.0,0.0,0.0,0.0,0.2874999995400002,6.46387596400001,334.908570552,86.59860151799984,3.951399997959015e-05,0.25051426887512207,[ 0.18896374 -0.0529104   0.50055653],[0. 0. 0.],[ 0.62517035  0.77209574 -0.03767787 -0.10775252],1.0967254638671875e-05,[-2.9184631  -1.00979837 -1.64600406 -2.28070396  1.69427778],"[-1.43567313e-05 -3.39476453e-05  0.00000000e+00 -1.85043154e-04
 -7.08679546e-06]",7.263000043167267e-06,-0.3494446101018725,3.3379435299427476,0.05
69,0,2,False,False,False,False,10,0.0,0.0,0.0,0.0,0.0,0.2916666662000002,7.187167869000007,335.631862457,87.22729439899985,3.9259000004676636e-05,0.24557113647460938,[ 0.20090231 -0.04374355  0.49350107],[0. 0. 0.],[ 0.61574614  0.77746779 -0.04454007 -0.12006912],1.0728836059570312e-05,[-2.89383581 -1.03456964 -1.65431147 -2.27236171  1.70790342],"[-1.56262089e-05 -3.36099021e-05  0.00000000e+00 -1.85131170e-04
 -7.28143164e-06]",7.661999973151978e-06,-0.3490510217116757,3.3345822227895616,0.05
70,0,2,False,False,False,False,11,0.0,0.0,0.0,0.0,0.0,0.2958333328600002,8.011373521999985,336.45606811,87.98828017299985,4.433500004097368e-05,0.2508506774902344,[ 0.212245   -0.03409708  0.4861367 ],[0. 0. 0.],[ 0.60629743  0.78246862 -0.05170343 -0.13218573],1.0967254638671875e-05,[-2.86920852 -1.05934091 -1.66261888 -2.26401941  1.72152906],"[-1.69262008e-05 -3.32825986e-05  2.77555756e-17 -1.85453475e-04
 -7.34991478e-06]",7.870999979786575e-06,-0.3486748053350093,3.331363341793106,0.05
71,0,2,False,False,False,False,12,0.0,0.0,0.0,0.0,0.0,0.29999999952000017,8.613380920999987,337.058075509,88.52100933599985,4.2282000038085243e-05,0.21976494789123535,[ 0.2229699  -0.02400374  0.47847283],[0. 0. 0.],[ 0.59683484  0.78709948 -0.05916264 -0.14409205],1.8835067749023438e-05,[-2.84458124 -1.08411216 -1.6709263  -2.25567708  1.73515471],"[-1.82234101e-05 -3.29507847e-05  0.00000000e+00 -1.85918122e-04
 -7.31515100e-06]",7.197999991603865e-06,-0.34831782295036645,3.328305506788185,0.05
72,0,2,False,False,False,False,13,0.0,0.0,0.0,0.0,0.0,0.30416666618000016,9.238553691999982,337.68324828,89.08127398899984,4.103200001281948e-05,0.225555419921875,[ 0.23254234 -0.01406     0.47094467],[0. 0. 0.],[ 0.58786708  0.79114676 -0.06649707 -0.15516853],1.1444091796875e-05,[-2.82125013 -1.10757967 -1.67879648 -2.24777382  1.74806321],"[-1.94124639e-05 -3.26172717e-05  2.77555756e-17 -1.86389205e-04
 -7.21468465e-06]",8.396000055199693e-06,-0.347984376898742,3.3254272195783856,0.05
73,0,2,False,False,False,False,14,0.0,0.0,0.0,0.0,0.0,0.30833333284000014,9.797457625999982,338.242152214,89.58643211399982,4.5174000035785866e-05,0.20989203453063965,[ 0.2415269  -0.00377491  0.46316454],[0. 0. 0.],[ 0.57890552  0.79486519 -0.07408693 -0.16603874],1.3828277587890625e-05,[-2.79791902 -1.13104716 -1.68666666 -2.23987051  1.76097172],"[-2.05230145e-05 -3.22502569e-05  0.00000000e+00 -1.86784193e-04
 -7.08015039e-06]",7.153000012749544e-06,-0.3476871216383898,3.32288275408632,0.05
74,0,2,False,False,False,False,15,0.0,0.0,0.0,0.0,0.0,0.3124999995000001,10.384003147999977,338.828697736,90.11315575999981,3.3526999970945326e-05,0.22107768058776855,[0.24990968 0.00682146 0.45514077],[0. 0. 0.],[ 0.56995898  0.79825681 -0.0819269  -0.17669429],1.7881393432617188e-05,[-2.77458791 -1.15451465 -1.69453684 -2.23196716  1.77388023],"[-2.15155897e-05 -3.18356092e-05  2.77555756e-17 -1.86995908e-04
 -6.94518737e-06]",7.197999991603865e-06,-0.3474119967004734,3.3205315058017755,0.05
75,0,2,False,False,False,False,16,0.0,0.0,0.0,0.0,0.0,0.3166666661600001,10.726493478999998,339.171188067,90.37594681799982,4.182700001820194e-05,0.05361771583557129,[0.25856259 0.01901178 0.44588265],[0. 0. 0.],[ 0.55997568  0.80166727 -0.09099089 -0.18835472],2.4557113647460938e-05,[-2.74847677 -1.18077838 -1.7033448  -2.22312194  1.78832686],"[-2.24419378e-05 -3.12995092e-05 -2.77555756e-17 -1.86889153e-04
 -6.83436238e-06]",7.961999983763235e-06,-0.3469396658064079,3.3183888674050137,0.05
76,0,2,False,False,False,False,17,0.0,0.0,0.0,0.0,0.0,0.3208333328200001,11.379869971000005,339.824564559,90.94725315399978,4.284699997469943e-05,0.18987488746643066,[0.26557773 0.03007649 0.43743959],[0. 0. 0.],[ 0.55116045  0.80435365 -0.09927502 -0.1984486 ],9.775161743164062e-06,[-2.72533099 -1.20405943 -1.71115246 -2.21528128  1.80113283],"[-2.30681020e-05 -3.07496230e-05  0.00000000e+00 -1.86392355e-04
 -6.80327823e-06]",7.4679999784166284e-06,-0.3469093013568988,3.3162568040801133,0.05
77,0,2,False,False,False,False,18,0.0,0.0,0.0,0.0,0.0,0.3249999994800001,11.996403069999985,340.441097658,91.50542814999977,3.532099998437843e-05,0.2086348533630371,[0.27196813 0.04135232 0.42878336],[0. 0. 0.],[ 0.54238677  0.80672604 -0.1077875  -0.20830658],1.8358230590820312e-05,[-2.7021852  -1.22734046 -1.71896013 -2.20744056  1.81393881],"[-2.34902616e-05 -3.01224764e-05 -2.77555756e-17 -1.85442972e-04
 -6.85814831e-06]",8.01299995600857e-06,-0.34671436716886556,3.3146177100786187,0.05
78,0,2,False,False,False,False,19,0.0,0.0,0.0,0.0,0.0,0.32916666614000006,12.46627135,340.910965938,91.89342474599977,4.4699000000036904e-05,0.1578810214996338,[0.27772662 0.05280823 0.41992265],[0. 0. 0.],[ 0.53366297  0.80878729 -0.11652224 -0.21792121],1.0967254638671875e-05,[-2.67903941 -1.25062149 -1.72676779 -2.19959977  1.82674479],"[-2.36986107e-05 -2.94148377e-05  2.77555756e-17 -1.83990141e-04
 -7.01254870e-06]",7.194999966486648e-06,-0.34654723156306444,3.313228961541138,0.05
79,0,2,False,False,False,False,20,0.0,0.0,0.0,0.0,0.0,0.33333333280000005,12.89987143999997,341.344566028,92.26067978799972,4.370999999991909e-05,0.14730024337768555,[0.28284767 0.06441291 0.41086632],[0. 0. 0.],[ 0.524997    0.81054074 -0.1254728  -0.227285  ],4.5299530029296875e-06,[-2.65589361 -1.2739025  -1.73457545 -2.19175891  1.83955076],"[-2.36931490e-05 -2.86270445e-05  0.00000000e+00 -1.82004695e-04
 -7.27133071e-06]",7.381999978406384e-06,-0.34640925176898363,3.312104131146119,0.05
80,0,2,False,False,False,False,21,0.0,0.0,0.0,0.0,0.0,0.33749999946000003,13.347858172999963,341.79255276099997,92.65780365899974,4.159399998115987e-05,0.1448688507080078,[0.28732738 0.07613497 0.40162322],[0. 0. 0.],[ 0.51639718  0.81198972 -0.13463262 -0.23639087],1.2636184692382812e-05,[-2.6327478  -1.29718349 -1.74238312 -2.18391797  1.85235674],"[-2.34827220e-05 -2.77628137e-05  0.00000000e+00 -1.79478838e-04
 -7.63101721e-06]",7.209999978385895e-06,-0.34630173259404734,3.311256267380309,0.05
81,0,2,False,False,False,False,22,0.0,0.0,0.0,0.0,0.0,0.34166666612,13.847599693000006,342.292294281,93.07458485299975,3.879100000858671e-05,0.15741324424743652,[0.29116336 0.08794298 0.39220238],[0. 0. 0.],[ 0.50787145  0.81313807 -0.14399493 -0.24523179],6.9141387939453125e-06,[-2.60960198 -1.32046447 -1.75019078 -2.17607694  1.86516272],"[-2.30834008e-05 -2.68288037e-05  0.00000000e+00 -1.76424308e-04
 -8.08100013e-06]",7.139999979699496e-06,-0.34622593028189874,3.310697933121954,0.05
82,0,2,False,False,False,False,23,0.0,0.0,0.0,0.0,0.0,0.34583333278,14.269105192999973,342.713799781,93.3951245769997,4.5097999986865034e-05,0.11584782600402832,[0.29435483 0.09980552 0.38261279],[0. 0. 0.],[ 0.49942753  0.81398952 -0.15355268 -0.25380099],1.4781951904296875e-05,[-2.58645615 -1.34374543 -1.75799845 -2.16823582  1.8779687 ],"[-2.25165249e-05 -2.58340057e-05  0.00000000e+00 -1.72869450e-04
 -8.60524060e-06]",6.886999983635178e-06,-0.3461830359104536,3.310441039627074,0.05
83,0,2,False,False,False,False,24,0.0,0.0,0.0,0.0,0.0,0.34999999944,14.729837159999988,343.174531748,93.76160010999968,3.9522999998098385e-05,0.1419234275817871,[0.29665121 0.11037047 0.37395445],[0. 0. 0.],[ 0.49199668  0.81450033 -0.16220671 -0.26118451],5.7220458984375e-06,[-2.56588207 -1.36443962 -1.76493859 -2.16126592  1.8893518 ],"[-2.18918209e-05 -2.49072750e-05  1.38777878e-17 -1.69322787e-04
 -9.11779394e-06]",7.763999974486069e-06,-0.34617565277319384,3.3104969354713827,0.05
84,0,2,False,False,False,False,25,0.0,0.0,0.0,0.0,0.0,0.35416666609999997,15.278413480999973,343.723108069,94.23128116099969,4.004900000609268e-05,0.12440896034240723,[0.29844058 0.12093194 0.36517644],[0. 0. 0.],[ 0.48464194  0.81478316 -0.17100428 -0.26834357],1.430511474609375e-05,[-2.54530798 -1.38513379 -1.77187874 -2.15429591  1.90073489],"[-2.11724428e-05 -2.39490109e-05  0.00000000e+00 -1.65448864e-04
 -9.65863708e-06]",7.722000020748965e-06,-0.34619695043045773,3.3108178028029305,0.05
85,0,2,False,False,False,False,26,0.0,0.0,0.0,0.0,0.0,0.35833333275999996,15.718819612999994,344.163514201,94.59692963299966,4.425800000262825e-05,0.13412737846374512,[0.29972547 0.13146824 0.35628524],[0. 0. 0.],[ 0.47736832  0.81484073 -0.17994007 -0.27527368],1.239776611328125e-05,[-2.52473387 -1.40582794 -1.77881888 -2.14732579  1.91211799],"[-2.03767160e-05 -2.29675450e-05  0.00000000e+00 -1.61287020e-04
 -1.02126677e-05]",7.562999996935105e-06,-0.34624668006304105,3.3114011539828065,0.05
86,0,2,False,False,False,False,27,0.0,0.0,0.0,0.0,0.0,0.36249999941999994,16.09972338299997,344.544417971,94.89696570899969,4.0754999986347684e-05,0.11025047302246094,[0.30050939 0.14195789 0.34728739],[0. 0. 0.],[ 0.47018111  0.81467664 -0.18900861 -0.28197068],6.9141387939453125e-06,[-2.50415975 -1.42652207 -1.78575903 -2.14035553  1.9235011 ],"[-1.95223191e-05 -2.19711163e-05  0.00000000e+00 -1.56878689e-04
 -1.07653519e-05]",7.980000020779698e-06,-0.3463254900791599,3.3122534737804643,0.05
87,0,2,False,False,False,False,28,0.0,0.0,0.0,0.0,0.0,0.3666666660799999,16.566643296999985,345.011337885,95.27839351899968,3.995299999814961e-05,0.09547019004821777,[0.30079678 0.15237968 0.33818933],[0. 0. 0.],[ 0.4630852   0.81429422 -0.19820435 -0.28843042],1.9073486328125e-05,[-2.4835856  -1.44721618 -1.79269917 -2.13338513  1.93488421],"[-1.86257847e-05 -2.09676153e-05  0.00000000e+00 -1.52265873e-04
 -1.13032773e-05]",6.851999955870269e-06,-0.34643397601825604,3.3133807185056146,0.05
88,0,2,False,False,False,False,29,0.0,0.0,0.0,0.0,0.0,0.3708333327399999,17.16528738599999,345.609981974,95.80866138799968,4.018999999289008e-05,0.08215856552124023,[0.30067277 0.16065416 0.33084321],[0. 0. 0.],[ 0.45747748  0.81383353 -0.20564876 -0.2934247 ],1.811981201171875e-05,[-2.46712628 -1.46377146 -1.79825129 -2.12780879  1.94399069],"[-1.78883866e-05 -2.01646794e-05  0.00000000e+00 -1.48456173e-04
 -1.17149293e-05]",7.165999988956173e-06,-0.3465729242614376,3.3147883838129886,0.05
89,0,2,False,False,False,False,30,0.0,0.0,0.0,0.0,0.0,0.3749999993999999,17.760259652000002,346.20495424,96.29787783499967,4.4163999973534374e-05,0.07277894020080566,[0.3002376  0.16886124 0.32344049],[0. 0. 0.],[ 0.4519338   0.81323719 -0.213168   -0.29826254],9.5367431640625e-06,[-2.45066694 -1.48032672 -1.80380341 -2.12223228  1.95309719],"[-1.71406296e-05 -1.93653900e-05  1.38777878e-17 -1.44562516e-04
 -1.21041706e-05]",7.257999982357433e-06,-0.34670563171976476,3.316119670996517,0.05
90,0,3,False,False,False,False,1,0.0,0.0,0.0,0.0,0.0,0.3791666660599999,0.0531897939999908,567.780253002,148.90970573699974,4.223800010549894e-05,0.04871559143066406,[ 0.07524538 -0.10545634  0.54481578],[0. 0. 0.],[ 0.69836015  0.71571529  0.00580805 -0.00332594],5.7220458984375e-06,[-3.11548007 -0.81172271 -1.57959156 -2.34740639  1.58526249],"[-6.49313332e-06 -3.79142232e-05  0.00000000e+00 -1.95915770e-04
 -1.92987903e-07]",7.518000074924203e-06,-0.35190288250760576,3.3680193308878588,0.05
91,0,3,False,False,False,False,2,0.0,0.0,0.0,0.0,0.0,0.38333333271999986,1.0783416020000232,568.80540481,149.84928405399978,4.232499998124695e-05,0.33756065368652344,[ 0.09095856 -0.10115203  0.54053849],[0. 0. 0.],[ 0.68952459  0.72406447  0.00150764 -0.01685741],1.9550323486328125e-05,[-3.09085298 -0.83649105 -1.58789718 -2.3390663   1.59888898],"[-7.27754504e-06 -3.72853652e-05  0.00000000e+00 -1.93619950e-04
 -1.57195556e-06]",7.428999992953322e-06,-0.35253351990698545,3.3639332715208514,0.05
92,0,3,False,False,False,False,3,0.0,0.0,0.0,0.0,0.0,0.38749999937999985,1.9655906020000202,569.69265381,150.6642243609998,4.524700000274606e-05,0.3277275562286377,[ 0.10631011 -0.09615381  0.53588635],[0. 0. 0.],[ 0.68057722  0.73204392 -0.00312437 -0.03027515],5.245208740234375e-06,[-3.06622588 -0.86125937 -1.5962028  -2.33072619  1.61251547],"[-8.10499952e-06 -3.66868242e-05  0.00000000e+00 -1.91492969e-04
 -2.80671501e-06]",7.1800000114308205e-06,-0.3520689786424188,3.3600814167892548,0.05
93,0,3,False,False,False,False,4,0.0,0.0,0.0,0.0,0.0,0.39166666603999983,2.7308591040000465,570.457922312,151.3590920869998,5.022100003770902e-05,0.29587745666503906,[ 0.12126568 -0.09048301  0.53086674],[0. 0. 0.],[ 0.67152876  0.73965234 -0.00808539 -0.04356807],8.821487426757812e-06,[-3.04159879 -0.88602768 -1.60450842 -2.32238603  1.62614195],"[-8.98289590e-06 -3.61255035e-05  0.00000000e+00 -1.89599290e-04
 -3.89499143e-06]",7.836999998289684e-06,-0.3516093783518689,3.356247682024796,0.05
94,0,3,False,False,False,False,5,0.0,0.0,0.0,0.0,0.0,0.3958333326999998,3.471320854000055,571.1983840620001,152.04203208699982,4.0957000010166666e-05,0.290205717086792,[ 0.13579217 -0.0841627   0.52548724],[0. 0. 0.],[ 0.66239041  0.74688852 -0.01337243 -0.05672516],1.5974044799804688e-05,[-3.0169717  -0.91079599 -1.61281404 -2.31404584  1.63976842],"[-9.91933015e-06 -3.56059702e-05  0.00000000e+00 -1.87993643e-04
 -4.83471428e-06]",7.922999998299929e-06,-0.35115638200506527,3.352448696889813,0.05
95,0,3,False,False,False,False,6,0.0,0.0,0.0,0.0,0.0,0.3999999993599998,8.362345370000071,576.0894085780001,156.86839543899976,3.104699999312288e-05,2.0184288024902344,[ 0.15063626 -0.07677336  0.5194152 ],[0. 0. 0.],[ 0.65249729  0.75427306 -0.01930306 -0.0703347 ],1.1920928955078125e-05,[-2.99055021 -0.93681337 -1.62167894 -2.30509749  1.65399668],"[-1.09669115e-05 -3.50782533e-05  2.77555756e-17 -1.86551161e-04
 -5.64233505e-06]",6.9989999929021e-06,-0.3498906472052066,3.3487016497089437,0.05
96,0,3,False,False,False,False,7,0.0,0.0,0.0,0.0,0.0,0.4041666660199998,9.233699215000001,576.960762423,157.6337387289998,4.277700008969987e-05,0.2953152656555176,[ 0.16414881 -0.06921221  0.51333642],[0. 0. 0.],[ 0.64323503  0.76072162 -0.02523668 -0.08315294],1.2159347534179688e-05,[-2.96599789 -0.96152961 -1.62996125 -2.29678256  1.66759807],"[-1.20422827e-05 -3.46498461e-05  0.00000000e+00 -1.85655050e-04
 -6.27076449e-06]",7.019999998192361e-06,-0.35024800467397676,3.3448030303156937,0.05
97,0,3,False,False,False,False,8,0.0,0.0,0.0,0.0,0.0,0.40833333267999977,10.123098776000006,577.850161984,158.4511737319998,4.46999999894615e-05,0.29709768295288086,[ 0.17714261 -0.06108509  0.50692427],[0. 0. 0.],[ 0.63391668  0.76679873 -0.0314836  -0.09580307],2.8371810913085938e-05,[-2.94144558 -0.98624585 -1.63824357 -2.28846759  1.68119947],"[-1.31903909e-05 -3.42604455e-05  0.00000000e+00 -1.85119049e-04
 -6.74779049e-06]",7.675000006202026e-06,-0.34982693231508377,3.3412246449491945,0.05
98,0,3,False,False,False,False,9,0.0,0.0,0.0,0.0,0.0,0.41249999933999976,10.825549262000095,578.5526124700001,159.09081269399974,3.753500004677335e-05,0.26494836807250977,[ 0.1895909  -0.052421    0.50018722],[0. 0. 0.],[ 0.62455297  0.77250451 -0.03803949 -0.10827451],2.0503997802734375e-05,[-2.91689327 -1.01096208 -1.64652589 -2.28015259  1.69480087],"[-1.44056930e-05 -3.39032471e-05  0.00000000e+00 -1.84924977e-04
 -7.07662136e-06]",7.2870000167313265e-06,-0.34941961020996404,3.3377526290685124,0.05
99,0,3,False,False,False,False,10,0.0,0.0,0.0,0.0,0.0,0.41666666599999974,11.493314987000076,579.2203781950001,159.69662788999972,3.339799991408654e-05,0.25293660163879395,[ 0.20146857 -0.04325022  0.49313426],[0. 0. 0.],[ 0.6151548   0.77783972 -0.04489972 -0.1205568 ],4.5299530029296875e-06,[-2.89234096 -1.03567831 -1.6548082  -2.27183756  1.70840227],"[-1.56740501e-05 -3.35684377e-05  0.00000000e+00 -1.85029456e-04
 -7.26557849e-06]",7.363999998233339e-06,-0.3490278717059713,3.3344053161351512,0.05
100,0,3,False,False,False,False,11,0.0,0.0,0.0,0.0,0.0,0.4208333326599997,12.123721799000009,579.850785007,160.2713384369997,4.566099994463002e-05,0.24146103858947754,[ 0.21275228 -0.03360421  0.4857744 ],[0. 0. 0.],[ 0.60573292  0.78280538 -0.05205935 -0.13263963],1.5974044799804688e-05,[-2.86778865 -1.06039452 -1.66309052 -2.26352249  1.72200367],"[-1.69715741e-05 -3.32434098e-05  0.00000000e+00 -1.85363620e-04
 -7.32986319e-06]",7.253000035234436e-06,-0.3486535408625323,3.3312009467584973,0.05
101,0,3,False,False,False,False,12,0.0,0.0,0.0,0.0,0.0,0.4249999993199997,12.747043494000081,580.4741067020001,160.82781976099977,3.637499992237281e-05,0.2331373691558838,[ 0.22342043 -0.0235155   0.47811687],[0. 0. 0.],[ 0.59629774  0.78740287 -0.05951307 -0.14451279],4.76837158203125e-06,[-2.84323635 -1.08511073 -1.67137283 -2.25520737  1.73560507],"[-1.82648135e-05 -3.29132336e-05  0.00000000e+00 -1.85835243e-04
 -7.29257094e-06]",7.293999942703522e-06,-0.3482984618308856,3.3281579625023765,0.05
102,0,3,False,False,False,False,13,0.0,0.0,0.0,0.0,0.0,0.4291666659799997,13.446814953000057,581.1738781610001,161.46985320199974,4.594799997903465e-05,0.2549571990966797,[ 0.23345324 -0.01301762  0.47017121],[0. 0. 0.],[ 0.58686012  0.79163384 -0.06725529 -0.15616623],1.6927719116210938e-05,[-2.81868404 -1.10982692 -1.67965515 -2.24689222  1.74920647],"[-1.95125467e-05 -3.25614172e-05  0.00000000e+00 -1.86333518e-04
 -7.18443984e-06]",8.196000067073328e-06,-0.3479644757988832,3.325294775341518,0.05
103,0,3,False,False,False,False,14,0.0,0.0,0.0,0.0,0.0,0.4333333326399997,14.094841531000043,581.821904739,161.99775157999977,3.543899993019295e-05,0.22088170051574707,[ 0.24232918 -0.00275824  0.46241108],[0. 0. 0.],[ 0.57795376  0.79529506 -0.07482696 -0.1669616 ],1.8596649169921875e-05,[-2.79549576 -1.13317    -1.68747733 -2.23903902  1.76205224],"[-2.06080175e-05 -3.21939255e-05  0.00000000e+00 -1.86718471e-04
 -7.05022461e-06]",7.106999987627205e-06,-0.3476557996658473,3.322629616654808,0.05
104,0,3,False,False,False,False,15,0.0,0.0,0.0,0.0,0.0,0.43749999929999966,14.94880519500009,582.6758684030001,162.79404115399984,4.272099999980128e-05,0.25484347343444824,[0.25060895 0.00780582 0.45441079],[0. 0. 0.],[ 0.56906331  0.7986331  -0.08264546 -0.177544  ],8.58306884765625e-06,[-2.77230748 -1.15651306 -1.69529952 -2.23118578  1.77489801],"[-2.15834439e-05 -3.17781243e-05  0.00000000e+00 -1.86912842e-04
 -6.91864444e-06]",7.294999932128121e-06,-0.3473845255835527,3.32031070913075,0.05
105,0,3,False,False,False,False,16,0.0,0.0,0.0,0.0,0.0,0.44166666595999965,15.54980070900001,583.276863917,163.30556016899993,4.334599998401245e-05,0.20967650413513184,[0.25828063 0.01864441 0.44617879],[0. 0. 0.],[ 0.56019735  0.80165023 -0.0907053  -0.18790536],1.239776611328125e-05,[-2.74911919 -1.17985611 -1.70312171 -2.22333249  1.78774379],"[-2.24034831e-05 -3.13016929e-05 -2.77555756e-17 -1.86816173e-04
 -6.82210019e-06]",7.541999934801424e-06,-0.34713681496111815,3.318199667088614,0.05
106,0,3,False,False,False,False,17,0.0,0.0,0.0,0.0,0.0,0.44583333261999963,16.094281036000098,583.8213442440001,163.7793256099999,3.790000005210459e-05,0.19281721115112305,[0.26533383 0.02972694 0.43772364],[0. 0. 0.],[ 0.55136442  0.80434895 -0.09900074 -0.19803771],5.7220458984375e-06,[-2.7259309  -1.20319916 -1.7109439  -2.21547914  1.80058956],"[-2.30392541e-05 -3.07546815e-05  2.77555756e-17 -1.86339417e-04
 -6.78915732e-06]",7.635999963895301e-06,-0.34691414420088834,3.316311254825445,0.05
107,0,3,False,False,False,False,18,0.0,0.0,0.0,0.0,0.0,0.4499999992799996,16.57341390900001,584.300477117,164.1973163309999,4.195500002879271e-05,0.17208433151245117,[0.27175972 0.04102242 0.42905393],[ -6.08214856 -36.46856642  30.75053935],[ 0.54257309  0.80673182 -0.10752586 -0.20793338],1.0251998901367188e-05,[-2.70274261 -1.22654219 -1.71876608 -2.20762573  1.81343534],"[-2.34706044e-05 -3.01302040e-05 -2.77555756e-17 -1.85410241e-04
 -6.84195478e-06]",7.87500005117181e-06,-0.3467179596204253,3.314659935832203,0.05
108,0,3,False,False,False,False,19,0.0,0.0,0.0,0.0,0.0,0.4541666659399996,17.08907759500005,584.816140803,164.6497900479999,3.7982999970154196e-05,0.17985844612121582,[0.27755108 0.05249958 0.4201785 ],[0. 0. 0.],[ 0.53383172  0.80880207 -0.11627446 -0.21758474],1.8358230590820312e-05,[-2.67955431 -1.24988521 -1.72658827 -2.19977226  1.82628112],"[-2.36872755e-05 -2.94248639e-05 -2.77555756e-17 -1.83976591e-04
 -6.99448157e-06]",7.417999995595892e-06,-0.34654967411612825,3.3132598394251627,0.05
109,0,3,False,False,False,False,20,0.0,0.0,0.0,0.0,0.0,0.4583333325999996,17.611537870999996,585.338601079,165.09520764599995,0.008468875000062326,0.1764850616455078,[0.28270233 0.06412697 0.41110617],[0. 0. 0.],[ 0.52514851  0.81056285 -0.12524012 -0.22698438],7.867813110351562e-06,[-2.656366   -1.27322821 -1.73441046 -2.19191872  1.8391269 ],"[-2.36889319e-05 -2.86388715e-05  0.00000000e+00 -1.82008299e-04
 -7.25191551e-06]",7.797000080245198e-06,-0.3464106494833595,3.312124583942513,0.05
110,0,3,False,False,False,False,21,0.0,0.0,0.0,0.0,0.0,0.4624999992599996,18.057772003000082,585.7848352110001,165.472294261,4.114799992294138e-05,0.15276861190795898,[0.28720945 0.07587297 0.4018459 ],[0. 0. 0.],[ 0.51653159  0.81201744 -0.13441622 -0.23612508],1.2636184692382812e-05,[-2.63317768 -1.2965712  -1.74223264 -2.1840651   1.85197268],"[-2.34842183e-05 -2.77758614e-05 -2.77555756e-17 -1.79496821e-04
 -7.61099264e-06]",7.3360000669708825e-06,-0.3463022060134758,3.311267372711642,0.05
111,0,3,False,False,False,False,22,0.0,0.0,0.0,0.0,0.0,0.46666666591999956,18.53927941500001,586.266342623,165.82779840199998,3.9044999994075624e-05,0.1389305591583252,[0.27121496 0.03994659 0.42983386],[0. 0. 0.],[ 0.54341263  0.80648321 -0.1068228  -0.20706625],1.239776611328125e-05,[-2.60998935 -1.31991418 -1.75005483 -2.17621139  1.86481847],"[-2.30891353e-05 -2.68424563e-05  2.77555756e-17 -1.76453420e-04
 -8.06119939e-06]",7.306999918910151e-06,-0.34622560522506923,3.310700821361801,0.05
112,0,3,False,False,False,False,23,0.0,0.0,0.0,0.0,0.0,0.47083333257999954,19.133928516000083,586.8609917240001,166.321932413,4.326800001308584e-05,0.1768653392791748,[0.2866883  0.07438845 0.40300453],[0. 0. 0.],[ 0.51761377  0.81183881 -0.13328703 -0.23500709],8.58306884765625e-06,[-2.63611175 -1.29368517 -1.74124998 -2.18508832  1.85034578],"[-2.35209153e-05 -2.78879042e-05 -2.77555756e-17 -1.79834578e-04
 -7.55813905e-06]",7.775999961268099e-06,-0.3465680481927399,3.313410781814158,0.05
113,0,3,False,False,False,False,24,0.0,0.0,0.0,0.0,0.0,0.4749999992399995,19.814789424000082,587.5418526320001,166.88674541499995,4.0527000010115444e-05,0.17154693603515625,[0.29033947 0.08526999 0.39434341],[0. 0. 0.],[ 0.50973773  0.81294626 -0.14188734 -0.24321553],5.9604644775390625e-06,[-2.61476473 -1.31516844 -1.74845039 -2.17785563  1.86217167],"[-2.31845105e-05 -2.70387130e-05  2.77555756e-17 -1.77112242e-04
 -7.96015065e-06]",7.927999945422926e-06,-0.34623641546142325,3.310767117271869,0.05
114,0,3,False,False,False,False,25,0.0,0.0,0.0,0.0,0.0,0.4791666658999995,20.4129826840001,588.1400458920001,167.39819475299998,3.869300007863785e-05,0.17724871635437012,[0.29344216 0.09620392 0.38553691],[0. 0. 0.],[ 0.50193     0.81380028 -0.1506554  -0.251194  ],1.5735626220703125e-05,[-2.59341769 -1.33665168 -1.7556508  -2.17062286  1.87399755],"[-2.27009613e-05 -2.61358215e-05  0.00000000e+00 -1.73957183e-04
 -8.42884830e-06]",7.233000019368774e-06,-0.34619090338403424,3.3104766083559087,0.05
115,0,3,False,False,False,False,26,0.0,0.0,0.0,0.0,0.0,0.4833333325599995,20.855084898000086,588.5821481060001,167.766820918,0.0004732449999664823,0.14423871040344238,[0.29599667 0.10716567 0.37659213],[0. 0. 0.],[ 0.49419653  0.81440389 -0.15958564 -0.25893721],1.71661376953125e-05,[-2.57207064 -1.35813492 -1.76285121 -2.16338999  1.88582344],"[-2.20890825e-05 -2.51872964e-05  0.00000000e+00 -1.70399511e-04
 -8.94941469e-06]",7.711999955972715e-06,-0.3461741571842346,3.3104502317694338,0.05
116,0,3,False,False,False,False,27,0.0,0.0,0.0,0.0,0.0,0.4874999992199995,21.250318004000064,588.9773812120001,168.08829189799997,4.1301999999632244e-05,0.1286325454711914,[0.29800445 0.11813077 0.36751631],[0. 0. 0.],[ 0.48654348  0.81476063 -0.16867226 -0.26644009],5.4836273193359375e-06,[-2.55072358 -1.37961813 -1.77005163 -2.15615701  1.89764932],"[-2.13691112e-05 -2.42020361e-05  0.00000000e+00 -1.66476954e-04
 -9.50540933e-06]",7.79699996655836e-06,-0.3461870284864025,3.3106965042422707,0.05
117,0,3,False,False,False,False,28,0.0,0.0,0.0,0.0,0.0,0.49166666587999946,21.654764327000066,589.3818275350001,168.40988028799995,3.758100001505227e-05,0.1160881519317627,[0.29946801 0.1290749  0.35831666],[0. 0. 0.],[ 0.47897646  0.81487387 -0.1779093  -0.2736977 ],1.8596649169921875e-05,[-2.52937649 -1.40110133 -1.77725204 -2.14892392  1.90947522],"[-2.05616086e-05 -2.31893209e-05  0.00000000e+00 -1.62232436e-04
 -1.00799014e-05]",7.900000014160469e-06,-0.34623030782238823,3.3112233316596837,0.05
118,0,3,False,False,False,False,29,0.0,0.0,0.0,0.0,0.0,0.49583333253999945,22.02742196400004,589.754485172,168.67799433099992,3.153599993765965e-05,0.1016380786895752,[0.30039108 0.13997403 0.34900045],[0. 0. 0.],[ 0.47150138  0.81474733 -0.18729073 -0.28070518],2.86102294921875e-05,[-2.5080294  -1.4225845  -1.78445245 -2.1416907   1.92130111],"[-1.96865791e-05 -2.21584163e-05  0.00000000e+00 -1.57711850e-04
 -1.06564111e-05]",7.4390000008861534e-06,-0.3463047380413213,3.31203814321142,0.05
119,0,3,False,False,False,False,30,0.0,0.0,0.0,0.0,0.0,0.49999999919999943,22.362414357000034,590.089477565,168.95389646399985,3.902699995705916e-05,0.10205316543579102,[0.30075076 0.14900509 0.34115314],[0. 0. 0.],[ 0.46534628  0.81446153 -0.19521447 -0.28635037],1.52587890625e-05,[-2.49024014 -1.44048715 -1.79045279 -2.135663    1.93115602],"[-1.89194077e-05 -2.12918866e-05  0.00000000e+00 -1.53767650e-04
 -1.11272842e-05]",7.495999966522504e-06,-0.3464116179923505,3.3131477259400484,0.05
120,0,3,False,False,False,False,31,0.0,0.0,0.0,0.0,0.0,0.5041666658599995,22.74707485500005,590.474138063,169.23094850899986,3.7059999954180967e-05,0.10080599784851074,[0.29113966 0.08796734 0.39218822],[0. 0. 0.],[ 0.50776255  0.81320399 -0.14407039 -0.24519403],5.9604644775390625e-06,[-2.47245087 -1.45838977 -1.79645314 -2.12963515  1.94101094],"[-1.81284337e-05 -2.04237943e-05  0.00000000e+00 -1.49691289e-04
 -1.15809095e-05]",7.00999999025953e-06,-0.3465246083595887,3.314302078907132,0.05
121,0,3,False,False,False,False,32,0.0,0.0,0.0,0.0,0.0,0.5083333325199995,23.296851283000024,591.023914491,169.6733498169998,4.480400002648821e-05,0.09246301651000977,[0.30036771 0.16686966 0.32524782],[0. 0. 0.],[ 0.45325199  0.8134076  -0.2113353  -0.29709965],2.86102294921875e-05,[-2.45466158 -1.47629237 -1.80245348 -2.12360713  1.95086587],"[-1.73227567e-05 -1.95586412e-05  0.00000000e+00 -1.45508933e-04
 -1.20102377e-05]",8.080999919002352e-06,-0.34613790805360367,3.3104431925359488,0.05
122,0,3,False,False,False,False,33,0.0,0.0,0.0,0.0,0.0,0.5124999991799994,24.13826554500008,591.8653287530001,170.40139162499975,4.033600009734073e-05,0.10331320762634277,[0.29985031 0.17348379 0.31921634],[0. 0. 0.],[ 0.44879478  0.81284964 -0.21746978 -0.30094141],1.71661376953125e-05,[-2.44131961 -1.48971931 -1.80695374 -2.1190861   1.95825707],"[-1.67137761e-05 -1.89141813e-05 -1.38777878e-17 -1.42317666e-04
 -1.23126145e-05]",7.531000051130832e-06,-0.3468191102193662,3.3172505783970534,0.05
